customerID,gender,SeniorCitizen,tenure,PhoneService,InternetService,MonthlyCharges,TotalCharges,Churn
CUST00001,Male,0,53,No,No,20.67,721.09,No
CUST00002,Female,0,8,Yes,Fiber optic,74.48,605.55,No
CUST00003,Female,1,10,No,DSL,81.91,833.82,No
CUST00004,Male,1,60,No,DSL,22.21,1004.56,Yes
CUST00005,Male,0,12,No,DSL,35.57,364.2,No
CUST00006,Female,0,2,Yes,Fiber optic,90.56,166.84,Yes
CUST00007,Male,1,52,No,Fiber optic,42.28,2344.99,No
CUST00008,Female,0,0,Yes,Fiber optic,68.58,,No
CUST00009,Male,0,51,Yes,Fiber optic,39.6,1619.22,No
CUST00010,Male,0,40,Yes,DSL,75.28,2870.18,No
CUST00011,Female,0,37,No,Fiber optic,39.84,1378.9,No
CUST00012,Male,0,9,Yes,DSL,70.36,639.12,Yes
CUST00013,Female,0,56,Yes,No,65.13,3089.15,No
CUST00014,Male,0,11,Yes,DSL,90.67,1031.55,No
CUST00015,Female,0,70,No,DSL,26.04,1358.81,No
CUST00016,Female,1,33,No,DSL,96.07,3271.8,No
CUST00017,Female,0,24,Yes,DSL,49.71,1282.43,No
CUST00018,Female,0,9,Yes,DSL,78.53,791.22,No
CUST00019,Male,0,6,Yes,No,67.33,437.74,No
CUST00020,Male,0,20,Yes,DSL,95.06,1922.34,No
CUST00021,Female,0,62,Yes,Fiber optic,79.82,4476.65,No
CUST00022,Female,0,51,Yes,DSL,70.94,3787.43,No
CUST00023,Female,0,3,No,DSL,81.51,238.18,Yes
CUST00024,Female,0,22,Yes,Fiber optic,92.64,1915.56,No
CUST00025,Female,1,53,No,Fiber optic,76.35,4575.46,No
CUST00026,Male,1,11,Yes,Fiber optic,98.75,1055.78,Yes
CUST00027,Male,0,48,Yes,Fiber optic,26.2,868.73,Yes
CUST00028,Female,0,68,Yes,Fiber optic,43.92,3606.67,No
CUST00029,Female,0,16,No,DSL,71.82,1026.62,No
CUST00030,Female,0,11,Yes,No,78.67,935.28,No
CUST00031,Male,0,23,Yes,Fiber optic,47.86,975.13,No
CUST00032,Female,0,30,Yes,No,28.6,570.58,No
CUST00033,Male,0,65,Yes,DSL,42.43,3292.99,No
CUST00034,Female,0,51,No,DSL,70.6,3623.28,No
CUST00035,Female,0,28,No,DSL,88.85,2387.9,No
CUST00036,Male,0,10,No,Fiber optic,60.78,666.63,No
CUST00037,Male,1,10,No,DSL,89.97,947.07,Yes
CUST00038,Male,1,10,Yes,DSL,79.49,699.33,Yes
CUST00039,Female,0,16,No,Fiber optic,87.35,1262.92,No
CUST00040,Female,1,7,No,Fiber optic,89.42,626.53,Yes
CUST00041,Female,0,3,No,DSL,69.67,216.23,No
CUST00042,Male,0,29,No,Fiber optic,36.03,,No
CUST00043,Male,0,61,No,DSL,83.45,5250.46,No
CUST00044,Male,0,6,Yes,No,108.89,608.73,Yes
CUST00045,Female,1,50,Yes,DSL,99.79,5061.7,Yes
CUST00046,Female,0,37,Yes,Fiber optic,72.22,2856.72,Yes
CUST00047,Female,0,50,No,Fiber optic,84.92,4481.3,Yes
CUST00048,Male,0,4,No,DSL,78.92,324.85,Yes
CUST00049,Male,1,54,No,No,67.46,4103.66,Yes
CUST00050,Female,0,8,Yes,No,84.57,660.15,Yes
CUST00051,Female,0,8,Yes,Fiber optic,95.49,800.6,No
CUST00052,Female,0,4,Yes,DSL,98.08,368.95,No
CUST00053,Male,0,11,No,Fiber optic,67.13,695.01,No
CUST00054,Male,0,10,Yes,Fiber optic,64.91,579.39,Yes
CUST00055,Male,0,7,No,DSL,92.62,585.1,No
CUST00056,Female,0,0,No,No,74.16,,Yes
CUST00057,Female,0,58,Yes,Fiber optic,86.02,4679.58,No
CUST00058,Female,0,4,Yes,DSL,70.61,273.44,Yes
CUST00059,Female,0,68,Yes,DSL,81.5,,No
CUST00060,Male,0,2,Yes,Fiber optic,78.53,149.54,Yes
CUST00061,Male,0,50,No,Fiber optic,62.82,3101.23,No
CUST00062,Male,0,8,No,Fiber optic,95.93,829.03,No
CUST00063,Male,0,55,No,Fiber optic,58.96,3023.2,No
CUST00064,Male,0,14,Yes,No,81.52,1091.35,No
CUST00065,Female,0,65,Yes,Fiber optic,32.57,2278.67,No
CUST00066,Female,0,58,No,DSL,72.07,3745.88,No
CUST00067,Female,0,67,No,Fiber optic,68.72,4419.84,No
CUST00068,Female,0,0,Yes,No,91.97,,No
CUST00069,Female,0,9,Yes,No,88.94,801.81,No
CUST00070,Female,1,0,Yes,DSL,91.79,,Yes
CUST00071,Male,1,54,No,DSL,25.22,,No
CUST00072,Female,0,17,Yes,DSL,33.39,620.95,No
CUST00073,Male,0,48,No,Fiber optic,89.4,4438.08,No
CUST00074,Female,1,60,Yes,DSL,75.29,3993.0,Yes
CUST00075,Male,0,48,No,DSL,33.63,1463.16,No
CUST00076,Male,1,2,Yes,DSL,90.33,161.16,No
CUST00077,Male,0,0,Yes,DSL,88.31,,Yes
CUST00078,Male,0,10,Yes,No,93.59,941.64,No
CUST00079,Female,1,27,No,No,38.16,1099.41,No
CUST00080,Male,1,62,No,No,75.54,4475.47,No
CUST00081,Female,0,11,Yes,Fiber optic,65.43,,No
CUST00082,Female,0,36,Yes,DSL,63.07,,No
CUST00083,Female,0,9,Yes,Fiber optic,85.68,710.27,No
CUST00084,Female,0,6,Yes,Fiber optic,79.91,434.78,Yes
CUST00085,Male,0,46,No,DSL,52.02,2191.46,No
CUST00086,Male,0,7,No,Fiber optic,106.7,727.85,Yes
CUST00087,Female,0,3,No,Fiber optic,78.8,248.46,No
CUST00088,Male,0,0,No,Fiber optic,86.71,,Yes
CUST00089,Male,0,2,Yes,Fiber optic,95.4,200.51,Yes
CUST00090,Male,1,71,No,No,45.58,3503.23,No
CUST00091,Male,0,2,Yes,DSL,63.6,142.88,No
CUST00092,Male,0,35,Yes,No,61.08,1801.58,No
CUST00093,Female,0,20,Yes,Fiber optic,74.75,1677.36,Yes
CUST00094,Female,0,65,Yes,No,63.75,3669.15,No
CUST00095,Female,1,10,Yes,Fiber optic,86.34,915.78,No
CUST00096,Male,0,6,No,DSL,69.26,421.17,No
CUST00097,Male,0,30,No,Fiber optic,38.32,1091.38,No
CUST00098,Female,1,71,Yes,DSL,95.66,6728.28,No
CUST00099,Female,0,28,Yes,DSL,85.21,2573.33,No
CUST00100,Female,1,9,Yes,DSL,70.41,689.75,Yes
CUST00101,Female,0,12,No,DSL,57.5,791.83,No
CUST00102,Male,0,10,No,Fiber optic,96.6,919.64,No
CUST00103,Female,1,50,Yes,No,27.75,1746.72,No
CUST00104,Male,0,5,No,Fiber optic,66.69,350.18,No
CUST00105,Male,0,10,No,Fiber optic,94.18,918.89,Yes
CUST00106,Female,0,48,Yes,Fiber optic,42.48,2263.21,No
CUST00107,Female,0,11,Yes,Fiber optic,87.22,929.91,No
CUST00108,Male,0,11,No,Fiber optic,63.19,610.49,No
CUST00109,Female,0,21,Yes,DSL,24.55,442.46,No
CUST00110,Male,0,35,Yes,DSL,94.36,3622.23,No
CUST00111,Female,0,8,Yes,DSL,105.15,878.85,Yes
CUST00112,Female,0,4,No,DSL,101.44,416.69,Yes
CUST00113,Female,0,20,Yes,No,58.04,1027.3,No
CUST00114,Female,1,67,Yes,No,60.26,3592.4,Yes
CUST00115,Female,1,12,No,Fiber optic,32.44,379.85,No
CUST00116,Male,0,24,No,Fiber optic,57.58,1494.47,No
CUST00117,Male,0,5,No,No,82.83,441.94,Yes
CUST00118,Male,0,38,No,Fiber optic,46.25,1574.73,No
CUST00119,Male,1,45,No,Fiber optic,44.38,1615.91,No
CUST00120,Female,0,7,Yes,DSL,96.48,655.24,No
CUST00121,Male,1,0,Yes,Fiber optic,81.38,,Yes
CUST00122,Female,0,4,Yes,DSL,102.3,429.52,Yes
CUST00123,Male,0,11,No,Fiber optic,74.62,913.57,No
CUST00124,Male,0,8,Yes,No,95.86,772.78,No
CUST00125,Male,0,16,Yes,No,80.59,1362.24,No
CUST00126,Male,0,7,No,Fiber optic,70.92,507.91,Yes
CUST00127,Male,0,26,No,DSL,70.43,1605.97,No
CUST00128,Male,0,64,No,No,76.76,5268.74,No
CUST00129,Male,0,18,No,Fiber optic,66.35,1185.35,Yes
CUST00130,Female,0,70,No,No,85.95,,No
CUST00131,Male,1,11,No,No,89.68,892.62,No
CUST00132,Male,0,11,Yes,Fiber optic,107.87,1103.09,No
CUST00133,Female,0,71,Yes,Fiber optic,62.35,,Yes
CUST00134,Male,0,69,No,Fiber optic,24.94,2033.0,No
CUST00135,Female,0,7,Yes,Fiber optic,95.54,,Yes
CUST00136,Female,0,20,No,No,61.03,1234.68,No
CUST00137,Female,0,3,No,DSL,104.29,,Yes
CUST00138,Male,0,37,No,DSL,55.52,2348.44,No
CUST00139,Male,0,5,No,Fiber optic,62.22,278.12,Yes
CUST00140,Female,0,15,No,Fiber optic,65.45,929.13,No
CUST00141,Male,0,5,Yes,Fiber optic,61.92,282.09,No
CUST00142,Male,0,37,No,DSL,23.31,748.0,No
CUST00143,Female,0,43,No,Fiber optic,80.49,3888.19,Yes
CUST00144,Male,0,10,Yes,No,67.54,717.22,No
CUST00145,Male,0,57,Yes,DSL,71.4,4590.56,No
CUST00146,Female,0,14,Yes,Fiber optic,38.19,454.62,No
CUST00147,Male,0,11,No,No,103.0,1102.19,No
CUST00148,Male,0,51,Yes,Fiber optic,64.24,,Yes
CUST00149,Female,0,36,No,Fiber optic,29.48,1108.49,Yes
CUST00150,Female,0,5,Yes,DSL,82.61,452.94,Yes
CUST00151,Female,1,49,No,No,85.25,4231.11,No
CUST00152,Female,0,58,Yes,DSL,84.32,4768.56,No
CUST00153,Female,1,69,Yes,No,79.0,4808.24,No
CUST00154,Female,0,5,Yes,DSL,65.66,360.99,No
CUST00155,Female,1,6,Yes,Fiber optic,68.58,461.97,Yes
CUST00156,Male,0,8,No,No,104.41,893.7,Yes
CUST00157,Female,0,7,Yes,DSL,99.96,639.39,No
CUST00158,Female,0,9,No,Fiber optic,75.41,757.34,No
CUST00159,Female,0,12,No,DSL,59.45,816.47,No
CUST00160,Male,0,15,No,DSL,39.04,616.97,No
CUST00161,Female,0,5,No,DSL,65.48,339.56,No
CUST00162,Female,0,12,Yes,Fiber optic,93.8,1216.22,Yes
CUST00163,Female,1,27,Yes,Fiber optic,56.66,1502.96,No
CUST00164,Male,0,47,No,DSL,85.72,3778.73,No
CUST00165,Female,0,27,No,No,92.38,2678.5,No
CUST00166,Female,0,45,No,No,38.84,1585.13,No
CUST00167,Female,1,2,Yes,Fiber optic,86.93,184.41,No
CUST00168,Male,1,69,Yes,No,39.8,2654.51,No
CUST00169,Male,0,21,No,No,31.02,558.98,No
CUST00170,Male,0,0,Yes,No,75.34,,No
CUST00171,Male,1,7,Yes,No,70.31,511.28,Yes
CUST00172,Male,0,11,Yes,DSL,98.89,1006.36,No
CUST00173,Male,0,7,Yes,Fiber optic,108.07,694.29,No
CUST00174,Female,0,6,No,No,68.66,448.08,No
CUST00175,Female,0,11,Yes,DSL,103.84,1087.58,Yes
CUST00176,Male,0,32,Yes,Fiber optic,28.56,1201.86,No
CUST00177,Female,0,46,Yes,Fiber optic,74.55,3837.75,No
CUST00178,Male,0,60,No,No,69.46,4465.4,No
CUST00179,Female,0,7,No,Fiber optic,99.11,640.17,Yes
CUST00180,Female,0,65,Yes,Fiber optic,65.75,3678.08,No
CUST00181,Male,0,47,Yes,DSL,81.26,3601.85,No
CUST00182,Female,0,23,No,No,50.59,1045.14,No
CUST00183,Male,0,51,No,Fiber optic,32.73,1949.53,No
CUST00184,Female,0,4,No,DSL,61.48,211.53,No
CUST00185,Female,0,1,Yes,DSL,103.4,109.5,Yes
CUST00186,Male,0,52,No,No,95.76,4784.88,No
CUST00187,Female,0,2,Yes,No,94.79,190.37,No
CUST00188,Male,0,2,No,DSL,94.49,181.43,Yes
CUST00189,Female,0,3,Yes,Fiber optic,69.73,190.78,No
CUST00190,Female,0,3,No,DSL,99.73,282.95,No
CUST00191,Male,0,71,Yes,Fiber optic,32.51,2096.49,No
CUST00192,Male,1,10,No,Fiber optic,85.16,907.32,Yes
CUST00193,Male,0,6,No,DSL,96.99,542.95,Yes
CUST00194,Male,0,37,No,DSL,83.46,3088.69,No
CUST00195,Female,1,44,No,DSL,91.32,3591.44,No
CUST00196,Male,0,16,No,Fiber optic,56.6,1036.85,No
CUST00197,Male,0,60,No,Fiber optic,62.11,4322.17,No
CUST00198,Male,1,7,Yes,DSL,66.48,514.17,No
CUST00199,Male,0,29,Yes,Fiber optic,31.19,,No
CUST00200,Male,0,61,No,Fiber optic,98.5,5442.83,Yes
CUST00201,Female,0,36,Yes,Fiber optic,21.22,843.46,No
CUST00202,Female,0,31,Yes,No,97.46,3192.58,No
CUST00203,Female,1,12,Yes,Fiber optic,56.71,644.81,No
CUST00204,Female,0,6,Yes,Fiber optic,69.1,462.52,No
CUST00205,Female,0,30,No,DSL,54.68,1588.75,No
CUST00206,Female,0,37,No,Fiber optic,52.69,2013.8,No
CUST00207,Male,0,28,Yes,Fiber optic,62.35,1517.56,Yes
CUST00208,Female,0,61,No,No,56.09,3085.48,No
CUST00209,Male,1,62,Yes,DSL,76.96,4604.89,Yes
CUST00210,Female,1,19,No,Fiber optic,30.06,572.0,Yes
CUST00211,Male,0,14,No,No,88.34,1204.96,No
CUST00212,Male,0,4,Yes,DSL,60.02,259.78,No
CUST00213,Male,0,60,Yes,No,98.0,5613.03,No
CUST00214,Female,0,71,Yes,Fiber optic,21.94,2087.9,No
CUST00215,Male,0,25,Yes,DSL,85.65,2270.1,No
CUST00216,Male,0,58,No,Fiber optic,56.09,2763.46,No
CUST00217,Female,0,14,Yes,DSL,21.58,410.87,No
CUST00218,Female,0,28,No,DSL,90.13,2791.78,No
CUST00219,Female,0,31,Yes,Fiber optic,91.22,2846.31,Yes
CUST00220,Female,0,1,No,Fiber optic,79.9,89.33,No
CUST00221,Male,0,26,No,DSL,52.12,1486.76,No
CUST00222,Male,0,9,No,DSL,100.77,858.76,Yes
CUST00223,Female,0,30,No,Fiber optic,77.48,2610.61,No
CUST00224,Male,0,8,No,Fiber optic,88.23,640.59,No
CUST00225,Male,0,8,Yes,DSL,87.74,683.6,No
CUST00226,Female,0,45,Yes,DSL,72.86,3438.02,No
CUST00227,Male,0,56,Yes,DSL,49.61,2274.56,No
CUST00228,Male,0,16,No,DSL,21.52,313.8,No
CUST00229,Female,0,5,No,DSL,84.16,446.47,Yes
CUST00230,Female,0,22,Yes,DSL,40.96,968.1,No
CUST00231,Male,0,10,Yes,Fiber optic,97.52,875.96,Yes
CUST00232,Female,0,4,No,DSL,73.83,308.31,No
CUST00233,Female,0,22,No,Fiber optic,98.93,1983.53,No
CUST00234,Male,1,16,Yes,Fiber optic,46.31,865.15,No
CUST00235,Male,0,12,Yes,DSL,78.92,1058.94,No
CUST00236,Male,0,65,Yes,DSL,88.89,5568.81,No
CUST00237,Female,1,26,Yes,DSL,62.63,1851.77,No
CUST00238,Male,1,1,Yes,DSL,64.8,74.44,No
CUST00239,Female,0,0,No,No,109.96,,No
CUST00240,Male,0,7,Yes,Fiber optic,85.07,562.17,Yes
CUST00241,Male,1,72,Yes,DSL,65.88,4795.59,No
CUST00242,Female,0,10,No,No,95.3,976.2,Yes
CUST00243,Female,0,69,Yes,Fiber optic,74.85,4933.37,No
CUST00244,Male,0,0,No,Fiber optic,91.38,,Yes
CUST00245,Male,1,7,No,Fiber optic,83.61,564.18,Yes
CUST00246,Male,0,10,No,Fiber optic,100.9,993.96,No
CUST00247,Male,0,40,Yes,DSL,36.32,1709.04,No
CUST00248,Female,1,58,No,DSL,62.98,3939.33,No
CUST00249,Male,0,12,Yes,Fiber optic,55.08,570.56,Yes
CUST00250,Male,1,19,Yes,Fiber optic,96.75,1703.11,Yes
CUST00251,Female,0,9,No,No,88.0,744.66,Yes
CUST00252,Male,0,0,Yes,Fiber optic,86.9,,Yes
CUST00253,Female,0,5,No,DSL,70.59,342.07,No
CUST00254,Female,1,4,No,Fiber optic,100.31,403.51,No
CUST00255,Male,0,41,Yes,Fiber optic,26.07,898.13,Yes
CUST00256,Female,0,45,Yes,DSL,51.18,2621.11,No
CUST00257,Female,0,2,Yes,DSL,101.04,205.46,No
CUST00258,Male,0,27,Yes,Fiber optic,42.3,,No
CUST00259,Female,1,32,No,DSL,84.43,2478.48,No
CUST00260,Male,0,9,Yes,DSL,102.67,900.41,Yes
CUST00261,Male,0,12,No,Fiber optic,96.44,1054.25,Yes
CUST00262,Female,0,49,Yes,Fiber optic,66.58,2959.43,No
CUST00263,Female,0,2,No,No,81.28,172.75,Yes
CUST00264,Male,0,58,No,No,22.33,774.64,No
CUST00265,Female,0,71,Yes,Fiber optic,55.06,3345.61,No
CUST00266,Male,1,13,Yes,Fiber optic,98.67,1278.97,No
CUST00267,Female,1,70,No,DSL,45.65,3068.29,No
CUST00268,Female,0,50,Yes,No,95.31,,No
CUST00269,Female,0,0,No,DSL,70.58,,No
CUST00270,Male,0,68,No,DSL,38.51,2169.4,No
CUST00271,Male,0,8,Yes,No,82.1,714.38,No
CUST00272,Female,0,41,Yes,DSL,75.52,,No
CUST00273,Male,0,0,Yes,DSL,89.17,,Yes
CUST00274,Male,0,18,Yes,Fiber optic,99.76,1720.81,No
CUST00275,Female,0,4,Yes,DSL,93.86,366.71,No
CUST00276,Female,0,3,Yes,No,104.62,343.24,Yes
CUST00277,Female,0,6,Yes,Fiber optic,91.58,499.05,No
CUST00278,Male,0,6,Yes,No,107.73,,Yes
CUST00279,Female,0,52,Yes,Fiber optic,67.72,3162.35,No
CUST00280,Female,0,43,Yes,Fiber optic,27.08,893.8,No
CUST00281,Male,0,1,No,No,97.44,97.3,No
CUST00282,Female,0,11,No,No,105.42,1123.61,Yes
CUST00283,Male,0,0,Yes,No,67.25,,No
CUST00284,Male,0,21,Yes,No,33.44,556.58,No
CUST00285,Female,0,10,No,DSL,89.01,840.53,Yes
CUST00286,Male,0,2,No,Fiber optic,76.09,165.71,Yes
CUST00287,Male,0,9,No,DSL,105.04,948.92,No
CUST00288,Male,0,30,No,DSL,85.06,2688.77,No
CUST00289,Female,0,62,No,No,78.86,4951.79,No
CUST00290,Male,0,17,Yes,DSL,33.44,495.72,No
CUST00291,Male,1,15,Yes,No,91.43,1454.0,No
CUST00292,Male,0,58,No,Fiber optic,68.69,3422.09,No
CUST00293,Male,0,11,Yes,DSL,82.08,970.13,Yes
CUST00294,Male,0,37,Yes,DSL,66.94,2792.71,No
CUST00295,Male,1,11,Yes,DSL,102.01,1191.95,Yes
CUST00296,Female,1,69,No,Fiber optic,43.13,2956.35,Yes
CUST00297,Male,1,70,No,DSL,75.29,4612.19,No
CUST00298,Male,0,7,No,DSL,107.0,764.32,No
CUST00299,Male,1,72,No,DSL,34.0,2182.88,No
CUST00300,Male,0,68,Yes,Fiber optic,25.61,2262.44,Yes
CUST00301,Male,0,61,No,DSL,37.62,2443.26,No
CUST00302,Male,1,5,Yes,Fiber optic,72.51,362.51,No
CUST00303,Female,0,3,Yes,Fiber optic,72.4,233.3,Yes
CUST00304,Female,0,3,No,DSL,63.55,192.61,No
CUST00305,Male,0,15,No,DSL,78.38,1061.64,No
CUST00306,Male,0,54,Yes,DSL,27.77,1014.99,No
CUST00307,Male,0,2,No,Fiber optic,74.77,153.27,Yes
CUST00308,Male,0,6,Yes,DSL,63.78,420.64,No
CUST00309,Male,0,56,Yes,Fiber optic,80.27,4873.22,No
CUST00310,Female,0,3,Yes,DSL,82.03,245.91,Yes
CUST00311,Male,1,67,Yes,No,51.28,3856.32,Yes
CUST00312,Female,0,10,Yes,Fiber optic,108.84,1135.86,No
CUST00313,Male,0,2,No,DSL,67.1,150.88,No
CUST00314,Female,1,1,No,Fiber optic,64.46,59.46,Yes
CUST00315,Female,0,0,Yes,DSL,76.83,,Yes
CUST00316,Male,0,10,Yes,DSL,77.7,735.31,No
CUST00317,Female,0,0,Yes,DSL,67.9,,No
CUST00318,Female,0,31,No,DSL,83.42,2819.75,No
CUST00319,Female,0,2,No,No,63.62,132.26,No
CUST00320,Male,0,7,Yes,DSL,94.15,726.09,No
CUST00321,Male,0,33,Yes,DSL,50.17,1345.77,No
CUST00322,Male,0,26,Yes,Fiber optic,23.69,462.58,No
CUST00323,Male,0,54,Yes,No,79.8,3963.29,No
CUST00324,Male,0,1,Yes,Fiber optic,65.51,58.39,No
CUST00325,Male,0,43,Yes,DSL,54.2,2279.28,No
CUST00326,Female,0,22,Yes,DSL,68.91,1667.67,No
CUST00327,Male,0,49,No,Fiber optic,21.96,676.06,Yes
CUST00328,Female,0,18,Yes,No,30.16,397.25,No
CUST00329,Female,0,68,Yes,DSL,42.41,,No
CUST00330,Male,0,2,No,No,87.25,193.32,Yes
CUST00331,Female,0,20,Yes,Fiber optic,27.21,741.43,No
CUST00332,Male,0,6,Yes,DSL,74.48,458.11,No
CUST00333,Female,0,59,Yes,Fiber optic,20.29,846.73,No
CUST00334,Female,0,32,Yes,No,29.73,1128.16,No
CUST00335,Female,1,27,No,DSL,53.2,1581.04,Yes
CUST00336,Female,0,4,Yes,DSL,62.15,252.16,No
CUST00337,Male,1,9,Yes,DSL,87.59,854.4,No
CUST00338,Male,0,65,No,DSL,64.24,4424.56,No
CUST00339,Female,0,37,Yes,DSL,58.55,2250.34,No
CUST00340,Female,0,24,Yes,DSL,32.52,754.23,No
CUST00341,Female,0,33,Yes,DSL,28.53,733.39,No
CUST00342,Male,0,37,No,DSL,99.94,3662.55,No
CUST00343,Male,0,2,No,DSL,88.47,169.68,Yes
CUST00344,Male,0,19,Yes,No,72.31,1471.74,No
CUST00345,Female,0,10,Yes,DSL,83.65,878.08,No
CUST00346,Female,0,5,No,DSL,104.29,567.16,Yes
CUST00347,Male,0,16,No,DSL,89.25,1516.9,No
CUST00348,Female,1,3,Yes,No,80.33,223.07,Yes
CUST00349,Female,0,20,No,Fiber optic,64.46,1165.62,No
CUST00350,Male,0,2,No,Fiber optic,105.29,190.81,Yes
CUST00351,Female,0,8,No,No,109.52,868.68,Yes
CUST00352,Female,1,25,No,Fiber optic,69.8,1722.65,No
CUST00353,Male,0,4,No,DSL,102.92,397.75,Yes
CUST00354,Male,0,41,Yes,DSL,50.97,1906.95,No
CUST00355,Female,0,0,Yes,Fiber optic,60.24,,Yes
CUST00356,Male,0,59,Yes,No,26.34,1143.79,No
CUST00357,Female,0,20,Yes,DSL,68.35,1356.74,No
CUST00358,Male,0,6,No,DSL,73.73,448.58,No
CUST00359,Male,0,7,No,Fiber optic,83.12,599.75,No
CUST00360,Male,0,66,No,DSL,49.24,3806.36,No
CUST00361,Male,0,5,No,DSL,68.95,385.27,No
CUST00362,Female,0,0,Yes,No,84.06,,Yes
CUST00363,Female,1,4,Yes,No,61.46,277.61,Yes
CUST00364,Male,0,58,Yes,DSL,45.65,2620.45,No
CUST00365,Male,1,11,Yes,Fiber optic,85.75,904.83,Yes
CUST00366,Female,0,12,Yes,Fiber optic,86.46,988.28,Yes
CUST00367,Male,0,62,Yes,Fiber optic,23.4,2016.63,Yes
CUST00368,Female,1,39,Yes,Fiber optic,48.58,,No
CUST00369,Male,0,27,No,DSL,25.43,935.43,No
CUST00370,Female,1,43,No,DSL,62.47,2266.42,Yes
CUST00371,Male,1,60,No,No,65.18,3875.04,No
CUST00372,Female,1,0,No,Fiber optic,109.02,,Yes
CUST00373,Male,0,28,Yes,Fiber optic,37.04,900.17,No
CUST00374,Female,0,56,Yes,DSL,57.96,2805.8,No
CUST00375,Female,0,17,No,No,76.11,1154.7,No
CUST00376,Male,0,0,No,DSL,81.09,,No
CUST00377,Male,1,0,No,Fiber optic,61.14,,Yes
CUST00378,Male,0,48,No,Fiber optic,36.98,1760.98,Yes
CUST00379,Male,0,56,No,Fiber optic,32.28,1325.58,Yes
CUST00380,Female,0,12,Yes,DSL,47.47,564.58,No
CUST00381,Female,0,43,No,Fiber optic,24.03,926.69,No
CUST00382,Male,0,57,No,DSL,76.58,3997.22,No
CUST00383,Female,1,6,No,Fiber optic,82.91,544.17,No
CUST00384,Male,0,6,No,Fiber optic,78.52,463.52,Yes
CUST00385,Male,0,43,Yes,DSL,53.11,2389.54,No
CUST00386,Female,1,36,No,Fiber optic,26.61,956.2,Yes
CUST00387,Male,0,68,No,Fiber optic,63.09,4841.66,No
CUST00388,Female,0,71,Yes,Fiber optic,38.83,2863.92,No
CUST00389,Female,0,58,Yes,DSL,56.13,2680.25,No
CUST00390,Female,0,27,Yes,Fiber optic,95.41,2390.26,No
CUST00391,Male,0,2,Yes,Fiber optic,101.86,209.46,Yes
CUST00392,Female,1,4,No,DSL,73.43,329.19,Yes
CUST00393,Female,1,1,Yes,Fiber optic,93.46,95.35,No
CUST00394,Female,1,66,No,No,71.8,5290.08,No
CUST00395,Female,0,26,Yes,DSL,85.82,2323.28,No
CUST00396,Male,1,28,Yes,DSL,41.55,1377.85,No
CUST00397,Male,0,0,Yes,Fiber optic,108.49,,Yes
CUST00398,Female,0,66,No,DSL,40.03,2731.35,No
CUST00399,Female,0,60,Yes,DSL,57.83,2966.26,No
CUST00400,Female,0,66,Yes,No,45.14,3314.24,No
CUST00401,Male,0,35,No,No,74.64,2668.74,No
CUST00402,Male,0,21,Yes,Fiber optic,59.53,1345.33,No
CUST00403,Male,0,1,No,DSL,97.92,93.17,No
CUST00404,Female,0,46,No,DSL,52.66,2069.8,No
CUST00405,Male,0,13,No,Fiber optic,52.34,649.52,No
CUST00406,Male,0,1,Yes,DSL,71.92,73.65,Yes
CUST00407,Female,0,37,Yes,Fiber optic,77.66,2986.41,No
CUST00408,Male,0,4,No,No,66.09,249.94,No
CUST00409,Female,0,9,No,DSL,68.61,608.33,No
CUST00410,Female,0,3,Yes,DSL,90.32,242.32,No
CUST00411,Female,0,6,No,Fiber optic,98.87,544.62,Yes
CUST00412,Female,0,55,Yes,Fiber optic,97.57,5574.71,No
CUST00413,Female,0,57,Yes,DSL,58.18,3394.52,No
CUST00414,Female,0,3,No,No,106.11,308.74,Yes
CUST00415,Male,0,4,No,No,72.65,,Yes
CUST00416,Male,0,1,Yes,DSL,102.87,97.13,Yes
CUST00417,Male,0,0,No,No,67.41,,No
CUST00418,Male,1,5,Yes,Fiber optic,71.75,397.12,No
CUST00419,Female,0,42,Yes,Fiber optic,40.33,1289.66,Yes
CUST00420,Female,0,6,Yes,DSL,109.06,677.03,No
CUST00421,Female,0,34,No,DSL,64.68,1935.65,No
CUST00422,Male,0,63,No,Fiber optic,89.77,5919.11,Yes
CUST00423,Female,0,4,Yes,No,81.88,315.47,Yes
CUST00424,Female,0,62,No,Fiber optic,83.01,5623.33,No
CUST00425,Female,0,12,No,DSL,32.23,431.74,No
CUST00426,Male,1,23,Yes,No,30.49,,No
CUST00427,Female,0,4,Yes,No,81.45,307.31,No
CUST00428,Male,0,50,No,No,39.32,1904.12,No
CUST00429,Female,0,45,Yes,No,64.21,3110.39,No
CUST00430,Female,0,47,Yes,DSL,34.12,1647.81,No
CUST00431,Female,0,51,No,DSL,39.62,1903.66,No
CUST00432,Female,0,51,Yes,No,84.46,4336.58,No
CUST00433,Male,0,47,No,No,59.16,,No
CUST00434,Female,0,12,Yes,DSL,72.63,951.71,No
CUST00435,Male,0,59,No,No,32.96,1677.74,No
CUST00436,Male,1,56,No,Fiber optic,66.85,3346.65,No
CUST00437,Female,0,18,No,Fiber optic,44.45,929.9,No
CUST00438,Male,1,11,Yes,DSL,103.66,1160.35,Yes
CUST00439,Male,0,12,Yes,Fiber optic,55.71,781.3,No
CUST00440,Male,0,38,No,DSL,43.9,1996.81,No
CUST00441,Female,0,62,Yes,Fiber optic,25.69,1028.22,No
CUST00442,Female,0,59,Yes,No,85.88,4501.95,No
CUST00443,Female,0,18,Yes,DSL,37.65,610.47,No
CUST00444,Female,0,14,Yes,DSL,23.17,245.36,No
CUST00445,Male,0,57,No,No,78.86,3954.8,No
CUST00446,Male,0,21,No,Fiber optic,40.22,1030.28,No
CUST00447,Female,0,12,Yes,DSL,29.98,324.49,No
CUST00448,Female,0,12,No,DSL,87.21,1056.23,No
CUST00449,Male,1,31,Yes,DSL,43.68,1327.64,No
CUST00450,Male,0,35,No,No,41.74,1280.37,No
CUST00451,Male,0,38,No,DSL,94.99,3430.32,No
CUST00452,Male,0,20,Yes,Fiber optic,45.61,744.01,No
CUST00453,Female,1,10,No,Fiber optic,84.62,760.66,Yes
CUST00454,Female,0,8,Yes,DSL,106.13,888.53,Yes
CUST00455,Male,0,4,Yes,DSL,82.88,343.9,No
CUST00456,Female,0,57,No,Fiber optic,57.52,3416.97,Yes
CUST00457,Male,0,9,No,DSL,63.85,527.07,No
CUST00458,Female,0,6,Yes,Fiber optic,89.48,538.36,No
CUST00459,Female,0,2,No,DSL,74.63,133.71,Yes
CUST00460,Male,0,15,No,No,82.84,,No
CUST00461,Male,0,27,Yes,No,47.14,1395.72,No
CUST00462,Female,0,37,No,DSL,48.06,1857.61,No
CUST00463,Female,0,17,No,No,25.03,428.69,No
CUST00464,Male,0,65,No,No,78.62,5444.44,No
CUST00465,Male,0,41,No,No,28.18,1223.15,No
CUST00466,Female,0,7,No,Fiber optic,75.34,564.57,Yes
CUST00467,Female,0,12,No,Fiber optic,20.65,259.92,No
CUST00468,Male,1,42,No,DSL,46.34,1939.28,No
CUST00469,Male,0,36,No,DSL,52.28,1713.3,No
CUST00470,Male,1,42,No,DSL,53.49,1960.53,No
CUST00471,Male,0,6,No,Fiber optic,103.32,628.29,No
CUST00472,Male,0,47,No,Fiber optic,92.43,3944.99,No
CUST00473,Male,1,21,No,DSL,50.04,872.09,No
CUST00474,Male,0,6,Yes,DSL,96.34,544.36,No
CUST00475,Female,1,38,No,DSL,35.37,1034.92,No
CUST00476,Male,1,3,No,DSL,66.36,213.84,Yes
CUST00477,Female,0,32,Yes,Fiber optic,98.22,2841.77,No
CUST00478,Female,0,33,Yes,No,47.76,1393.06,No
CUST00479,Female,0,64,Yes,Fiber optic,80.12,4880.28,No
CUST00480,Female,0,40,Yes,Fiber optic,33.21,1242.9,No
CUST00481,Female,0,33,No,No,89.22,3236.02,No
CUST00482,Female,0,6,Yes,DSL,64.18,376.35,No
CUST00483,Male,0,23,No,Fiber optic,79.37,1857.08,No
CUST00484,Male,0,3,Yes,DSL,68.21,190.6,No
CUST00485,Female,0,48,No,Fiber optic,86.02,3966.28,No
CUST00486,Female,0,3,No,DSL,62.12,208.85,No
CUST00487,Female,0,26,No,DSL,78.39,2202.17,No
CUST00488,Female,0,6,No,No,109.94,682.13,No
CUST00489,Male,0,10,Yes,DSL,72.21,812.24,No
CUST00490,Male,0,57,No,Fiber optic,79.21,4780.33,No
CUST00491,Male,1,4,No,Fiber optic,83.09,360.73,Yes
CUST00492,Male,1,54,Yes,Fiber optic,52.01,3099.3,No
CUST00493,Male,1,4,No,No,101.82,436.81,Yes
CUST00494,Male,0,48,Yes,DSL,91.21,4308.41,No
CUST00495,Female,1,10,No,Fiber optic,76.1,834.82,No
CUST00496,Female,1,8,No,DSL,61.85,537.62,No
CUST00497,Female,0,7,Yes,DSL,96.44,640.24,Yes
CUST00498,Male,0,19,No,Fiber optic,51.78,969.45,Yes
CUST00499,Female,1,21,No,Fiber optic,82.0,1565.56,Yes
CUST00500,Male,0,42,Yes,DSL,56.52,2150.13,No
CUST00501,Male,0,1,Yes,Fiber optic,96.24,101.93,Yes
CUST00502,Male,1,5,No,Fiber optic,67.61,345.22,No
CUST00503,Male,0,29,No,No,31.75,882.11,No
CUST00504,Female,0,43,Yes,Fiber optic,87.56,3574.54,Yes
CUST00505,Female,0,10,No,Fiber optic,99.31,,Yes
CUST00506,Female,0,49,No,DSL,44.8,2443.6,No
CUST00507,Male,0,7,No,DSL,74.64,570.39,Yes
CUST00508,Male,0,45,No,Fiber optic,66.85,3449.53,Yes
CUST00509,Female,0,11,Yes,DSL,73.49,815.65,No
CUST00510,Female,0,60,Yes,Fiber optic,72.01,4159.1,No
CUST00511,Female,0,61,Yes,DSL,91.0,5401.96,No
CUST00512,Male,0,50,No,No,69.51,,No
CUST00513,Male,0,9,No,DSL,69.31,623.14,No
CUST00514,Female,0,1,Yes,DSL,79.9,84.15,No
CUST00515,Male,0,41,Yes,Fiber optic,42.74,1737.13,No
CUST00516,Female,0,56,No,DSL,74.03,4291.45,No
CUST00517,Male,0,12,Yes,Fiber optic,68.6,756.95,Yes
CUST00518,Female,0,9,Yes,DSL,73.8,,No
CUST00519,Male,0,51,No,No,25.9,1313.92,No
CUST00520,Male,0,4,Yes,No,105.12,403.22,Yes
CUST00521,Male,1,40,Yes,No,35.65,1224.33,No
CUST00522,Male,1,67,No,Fiber optic,61.13,3720.82,Yes
CUST00523,Male,0,15,No,DSL,29.93,563.24,No
CUST00524,Male,0,21,No,Fiber optic,96.0,2204.83,No
CUST00525,Male,0,8,Yes,DSL,86.28,698.27,No
CUST00526,Female,0,2,Yes,No,100.17,,No
CUST00527,Male,0,67,No,Fiber optic,88.04,6419.09,No
CUST00528,Female,1,17,No,No,57.39,970.99,Yes
CUST00529,Female,0,61,Yes,Fiber optic,45.63,2855.84,No
CUST00530,Male,0,6,No,DSL,101.07,609.7,Yes
CUST00531,Male,0,20,No,DSL,89.08,1627.79,No
CUST00532,Female,1,58,Yes,No,49.92,3400.86,Yes
CUST00533,Female,1,72,Yes,Fiber optic,86.52,6487.05,No
CUST00534,Male,1,50,Yes,DSL,37.55,1604.6,No
CUST00535,Female,0,40,Yes,Fiber optic,74.23,3291.8,No
CUST00536,Female,0,47,No,DSL,72.71,3184.45,No
CUST00537,Female,0,2,Yes,No,91.56,,No
CUST00538,Male,0,68,Yes,DSL,39.47,2744.31,No
CUST00539,Female,0,10,No,Fiber optic,104.06,1136.39,No
CUST00540,Female,0,70,No,Fiber optic,57.13,3989.21,No
CUST00541,Male,0,36,No,DSL,69.93,2448.43,No
CUST00542,Female,0,32,Yes,Fiber optic,60.84,1659.12,Yes
CUST00543,Female,0,19,Yes,Fiber optic,64.01,1271.43,No
CUST00544,Female,1,53,Yes,Fiber optic,96.41,5347.62,No
CUST00545,Male,0,47,Yes,Fiber optic,25.29,,No
CUST00546,Male,0,2,No,Fiber optic,99.43,188.26,Yes
CUST00547,Female,0,31,No,Fiber optic,20.88,893.07,Yes
CUST00548,Male,0,1,No,DSL,91.57,87.68,Yes
CUST00549,Male,0,22,Yes,DSL,56.77,1365.33,No
CUST00550,Female,0,3,Yes,Fiber optic,104.01,296.93,Yes
CUST00551,Female,0,68,Yes,DSL,94.31,6770.74,No
CUST00552,Female,0,9,Yes,DSL,94.58,888.32,Yes
CUST00553,Male,0,23,Yes,No,44.13,968.8,No
CUST00554,Male,0,6,No,Fiber optic,85.35,568.06,Yes
CUST00555,Female,0,14,Yes,No,27.39,388.99,No
CUST00556,Female,1,33,Yes,No,34.18,863.85,No
CUST00557,Male,1,2,Yes,No,96.66,182.88,Yes
CUST00558,Female,1,14,No,No,71.42,1035.34,No
CUST00559,Male,0,57,Yes,Fiber optic,51.53,3302.11,Yes
CUST00560,Male,0,8,Yes,Fiber optic,107.6,841.73,Yes
CUST00561,Male,0,4,Yes,DSL,88.52,382.05,No
CUST00562,Male,0,5,Yes,DSL,89.19,488.74,No
CUST00563,Male,0,68,Yes,Fiber optic,68.61,4172.8,No
CUST00564,Male,0,12,No,Fiber optic,30.72,462.26,No
CUST00565,Male,0,60,Yes,No,23.78,1408.24,No
CUST00566,Male,0,50,No,Fiber optic,42.27,2441.82,No
CUST00567,Female,0,11,Yes,DSL,65.97,752.85,No
CUST00568,Male,0,5,No,Fiber optic,74.17,358.15,No
CUST00569,Female,0,49,No,Fiber optic,62.18,2661.23,Yes
CUST00570,Female,0,0,No,No,62.14,,No
CUST00571,Female,1,0,No,Fiber optic,66.92,,No
CUST00572,Male,0,8,No,Fiber optic,60.75,552.46,No
CUST00573,Male,0,69,No,Fiber optic,74.86,5822.32,No
CUST00574,Male,0,65,No,No,89.88,6351.38,No
CUST00575,Male,0,71,Yes,No,81.61,6161.56,No
CUST00576,Male,0,29,No,No,87.79,2271.37,No
CUST00577,Female,0,41,No,DSL,95.07,4153.75,No
CUST00578,Female,1,33,No,Fiber optic,23.4,,No
CUST00579,Male,0,56,No,Fiber optic,61.14,3621.16,No
CUST00580,Male,0,20,Yes,DSL,87.21,1662.75,No
CUST00581,Male,0,5,Yes,Fiber optic,103.23,502.34,Yes
CUST00582,Male,0,70,Yes,No,68.05,5217.06,No
CUST00583,Male,0,5,Yes,DSL,67.11,345.46,No
CUST00584,Male,0,55,No,Fiber optic,67.07,4131.02,No
CUST00585,Female,0,10,Yes,Fiber optic,61.33,633.63,Yes
CUST00586,Male,0,30,Yes,DSL,43.68,1393.91,No
CUST00587,Female,0,0,Yes,Fiber optic,62.59,,No
CUST00588,Female,0,52,Yes,No,54.69,2949.41,No
CUST00589,Male,0,18,Yes,Fiber optic,49.81,974.95,No
CUST00590,Female,0,70,No,Fiber optic,80.5,6185.46,No
CUST00591,Male,0,46,Yes,Fiber optic,68.03,3281.03,Yes
CUST00592,Female,0,34,Yes,DSL,22.8,598.33,No
CUST00593,Female,1,67,Yes,Fiber optic,42.43,2734.28,Yes
CUST00594,Male,0,1,No,Fiber optic,92.43,98.66,No
CUST00595,Female,0,48,No,No,95.54,4247.22,No
CUST00596,Male,0,48,Yes,Fiber optic,70.64,3819.52,Yes
CUST00597,Female,0,13,No,DSL,67.96,1005.17,No
CUST00598,Female,0,7,Yes,Fiber optic,97.49,701.21,Yes
CUST00599,Female,0,14,No,DSL,85.28,1147.9,No
CUST00600,Male,0,54,Yes,DSL,84.98,4450.84,No
CUST00601,Female,0,47,No,DSL,38.42,1959.94,No
CUST00602,Female,0,34,No,No,61.01,2021.95,No
CUST00603,Male,0,35,Yes,DSL,29.65,822.53,No
CUST00604,Male,0,69,No,Fiber optic,34.6,2450.42,No
CUST00605,Female,0,2,Yes,DSL,87.95,185.68,No
CUST00606,Male,0,35,No,Fiber optic,94.06,3458.81,Yes
CUST00607,Female,0,63,No,Fiber optic,96.95,5734.89,No
CUST00608,Male,0,49,Yes,DSL,27.08,886.07,No
CUST00609,Female,0,40,No,DSL,28.71,944.3,No
CUST00610,Male,0,52,Yes,Fiber optic,39.6,2523.93,Yes
CUST00611,Male,0,50,Yes,No,57.15,2483.2,No
CUST00612,Male,0,32,No,DSL,85.72,2620.17,No
CUST00613,Male,0,53,No,Fiber optic,62.24,3459.4,No
CUST00614,Female,0,1,Yes,Fiber optic,104.3,110.5,Yes
CUST00615,Female,0,2,No,Fiber optic,100.05,187.8,No
CUST00616,Female,0,0,No,No,89.68,,Yes
CUST00617,Male,0,3,No,Fiber optic,83.13,221.8,Yes
CUST00618,Female,0,36,No,Fiber optic,85.59,3242.17,No
CUST00619,Male,0,61,No,Fiber optic,90.16,5640.91,No
CUST00620,Female,0,62,Yes,DSL,38.8,2959.77,No
CUST00621,Female,0,23,No,Fiber optic,80.72,1811.33,Yes
CUST00622,Male,0,7,Yes,DSL,91.51,701.43,No
CUST00623,Male,1,11,No,Fiber optic,77.4,826.26,Yes
CUST00624,Female,0,69,No,Fiber optic,71.08,4766.25,No
CUST00625,Male,0,7,Yes,Fiber optic,86.78,589.99,Yes
CUST00626,Male,0,4,No,No,106.89,452.39,Yes
CUST00627,Male,1,6,No,Fiber optic,66.69,367.36,Yes
CUST00628,Female,0,44,Yes,DSL,33.1,1369.98,No
CUST00629,Male,0,4,No,DSL,62.33,229.07,No
CUST00630,Female,0,54,Yes,No,24.48,,No
CUST00631,Female,0,6,Yes,Fiber optic,74.04,426.08,Yes
CUST00632,Male,0,45,No,No,55.9,2802.98,No
CUST00633,Male,0,7,No,DSL,82.18,619.19,Yes
CUST00634,Male,0,6,Yes,Fiber optic,103.95,625.87,No
CUST00635,Female,0,42,No,No,25.38,1345.25,No
CUST00636,Female,0,50,No,Fiber optic,98.94,5429.07,Yes
CUST00637,Female,0,34,No,No,48.19,1814.59,No
CUST00638,Male,1,17,Yes,Fiber optic,61.88,1038.13,No
CUST00639,Female,1,66,Yes,DSL,97.78,6272.33,No
CUST00640,Male,0,36,No,DSL,34.39,894.07,No
CUST00641,Female,0,32,Yes,DSL,66.31,2412.81,No
CUST00642,Female,0,18,No,Fiber optic,65.45,1235.09,No
CUST00643,Female,0,62,Yes,No,83.77,5780.19,No
CUST00644,Male,1,4,No,DSL,107.89,445.07,No
CUST00645,Female,0,33,Yes,Fiber optic,94.8,3443.5,Yes
CUST00646,Male,1,54,No,No,48.13,2722.71,Yes
CUST00647,Female,0,9,Yes,No,85.97,760.03,No
CUST00648,Male,0,23,No,Fiber optic,70.03,1710.53,Yes
CUST00649,Male,1,44,No,DSL,74.75,3053.07,No
CUST00650,Male,1,1,Yes,Fiber optic,63.35,60.9,Yes
CUST00651,Female,0,24,No,Fiber optic,82.27,1769.64,Yes
CUST00652,Male,1,5,Yes,Fiber optic,79.38,361.83,No
CUST00653,Male,0,3,No,Fiber optic,67.75,232.98,No
CUST00654,Male,0,11,Yes,Fiber optic,77.54,894.74,No
CUST00655,Male,0,37,No,DSL,69.29,2491.77,No
CUST00656,Male,0,8,Yes,No,91.52,714.25,Yes
CUST00657,Female,0,16,No,DSL,39.05,622.28,No
CUST00658,Male,0,11,No,DSL,87.77,862.21,No
CUST00659,Male,0,29,No,Fiber optic,98.84,2831.57,Yes
CUST00660,Female,0,11,Yes,Fiber optic,84.0,994.47,Yes
CUST00661,Male,0,10,No,Fiber optic,93.51,984.92,No
CUST00662,Male,0,7,No,DSL,80.29,598.54,Yes
CUST00663,Male,0,4,Yes,Fiber optic,63.62,236.47,No
CUST00664,Male,1,18,No,Fiber optic,31.83,413.43,Yes
CUST00665,Female,0,48,No,Fiber optic,60.95,2834.73,No
CUST00666,Female,0,69,No,Fiber optic,86.81,6402.02,No
CUST00667,Female,0,3,Yes,Fiber optic,103.44,339.62,No
CUST00668,Male,1,49,No,Fiber optic,52.16,2747.19,No
CUST00669,Female,0,28,Yes,Fiber optic,66.23,1593.43,Yes
CUST00670,Female,0,4,No,DSL,80.91,303.61,No
CUST00671,Female,1,66,Yes,Fiber optic,99.84,7084.8,No
CUST00672,Female,0,28,Yes,Fiber optic,39.02,967.32,No
CUST00673,Female,0,1,Yes,Fiber optic,62.6,58.75,No
CUST00674,Male,1,4,No,DSL,94.73,346.96,No
CUST00675,Male,0,58,Yes,DSL,85.03,5470.22,No
CUST00676,Male,0,67,No,DSL,68.69,4962.3,No
CUST00677,Male,0,25,No,DSL,78.56,2145.0,No
CUST00678,Female,0,43,No,No,33.92,1294.93,No
CUST00679,Female,0,60,No,Fiber optic,63.92,3413.41,No
CUST00680,Male,0,16,Yes,Fiber optic,32.54,546.13,Yes
CUST00681,Male,0,7,Yes,No,79.33,584.09,Yes
CUST00682,Male,0,3,Yes,DSL,66.38,169.37,No
CUST00683,Female,0,59,No,Fiber optic,82.25,4541.14,Yes
CUST00684,Female,1,69,Yes,DSL,81.75,6111.39,No
CUST00685,Male,0,37,Yes,DSL,40.07,1503.47,No
CUST00686,Male,0,11,No,DSL,97.94,1043.59,Yes
CUST00687,Male,0,10,Yes,No,62.41,672.91,No
CUST00688,Male,0,66,No,Fiber optic,26.03,2157.02,Yes
CUST00689,Male,0,52,No,DSL,91.64,4682.92,No
CUST00690,Female,1,50,No,Fiber optic,40.84,1664.14,No
CUST00691,Male,0,8,No,No,80.37,624.25,No
CUST00692,Female,0,9,Yes,No,60.85,459.63,No
CUST00693,Male,1,40,Yes,No,99.6,3876.23,No
CUST00694,Male,1,62,No,No,99.08,5974.54,Yes
CUST00695,Female,1,49,Yes,Fiber optic,74.58,3305.49,No
CUST00696,Male,0,6,No,No,91.28,577.58,No
CUST00697,Female,0,55,No,DSL,66.02,3977.68,No
CUST00698,Female,0,6,Yes,No,63.89,430.04,No
CUST00699,Male,0,6,Yes,Fiber optic,90.58,,No
CUST00700,Female,0,65,No,Fiber optic,59.32,,No
CUST00701,Male,1,6,No,DSL,99.05,565.7,Yes
CUST00702,Male,0,11,No,DSL,107.9,1163.12,Yes
CUST00703,Male,1,68,No,Fiber optic,35.08,2576.41,No
CUST00704,Male,0,15,No,No,72.76,1074.13,No
CUST00705,Male,0,71,No,Fiber optic,59.95,4850.66,No
CUST00706,Female,0,17,No,Fiber optic,62.95,1025.62,No
CUST00707,Female,0,50,No,No,59.57,2923.66,No
CUST00708,Female,0,9,Yes,DSL,83.13,744.6,Yes
CUST00709,Male,0,72,No,Fiber optic,65.62,4536.13,No
CUST00710,Male,1,45,No,DSL,37.95,1698.84,No
CUST00711,Male,0,3,No,DSL,98.54,293.11,Yes
CUST00712,Male,0,53,Yes,Fiber optic,87.46,4785.5,No
CUST00713,Male,0,59,No,DSL,82.65,4484.2,No
CUST00714,Male,1,67,Yes,Fiber optic,38.39,2247.21,Yes
CUST00715,Male,0,36,Yes,DSL,42.96,1376.82,No
CUST00716,Female,0,66,No,Fiber optic,75.75,5185.54,No
CUST00717,Female,1,14,No,Fiber optic,42.48,533.99,Yes
CUST00718,Female,0,55,No,DSL,67.58,4262.24,No
CUST00719,Female,0,52,Yes,Fiber optic,38.62,1818.74,No
CUST00720,Male,0,42,Yes,Fiber optic,66.58,3131.04,No
CUST00721,Female,0,70,No,DSL,84.28,5348.99,No
CUST00722,Female,0,9,No,Fiber optic,65.99,600.62,No
CUST00723,Male,0,15,Yes,DSL,59.1,767.21,No
CUST00724,Female,0,67,Yes,DSL,21.42,1712.72,No
CUST00725,Female,0,0,No,Fiber optic,69.67,,Yes
CUST00726,Male,0,47,Yes,Fiber optic,25.2,1308.18,Yes
CUST00727,Male,0,25,No,DSL,21.88,412.39,No
CUST00728,Male,0,2,Yes,DSL,82.82,147.93,No
CUST00729,Female,0,8,Yes,DSL,85.68,682.02,Yes
CUST00730,Male,1,25,Yes,Fiber optic,68.01,1646.81,No
CUST00731,Male,0,5,Yes,No,95.11,508.27,Yes
CUST00732,Female,0,46,No,DSL,83.79,,No
CUST00733,Male,0,20,No,DSL,63.84,1367.92,No
CUST00734,Male,0,55,Yes,Fiber optic,52.46,2645.56,Yes
CUST00735,Female,0,11,Yes,Fiber optic,60.23,569.67,No
CUST00736,Male,0,2,No,No,60.48,,No
CUST00737,Female,0,46,Yes,DSL,38.13,1806.88,No
CUST00738,Female,1,11,No,No,81.28,924.25,No
CUST00739,Female,0,61,No,Fiber optic,71.33,4860.29,No
CUST00740,Female,0,2,Yes,Fiber optic,62.91,,No
CUST00741,Male,0,47,No,No,29.88,1575.88,No
CUST00742,Male,0,5,Yes,Fiber optic,105.61,528.84,No
CUST00743,Male,1,29,Yes,Fiber optic,65.2,1717.57,No
CUST00744,Male,1,9,No,No,84.12,837.03,Yes
CUST00745,Female,0,15,Yes,Fiber optic,36.03,400.52,No
CUST00746,Female,1,2,No,Fiber optic,87.71,163.8,Yes
CUST00747,Male,1,54,Yes,DSL,97.37,5580.93,No
CUST00748,Male,0,12,No,No,59.7,695.42,No
CUST00749,Female,0,6,No,DSL,70.8,476.85,No
CUST00750,Male,0,29,No,DSL,43.7,1046.04,No
CUST00751,Male,0,31,No,Fiber optic,73.73,2038.64,No
CUST00752,Female,0,8,Yes,Fiber optic,103.19,755.09,No
CUST00753,Female,1,10,Yes,Fiber optic,92.56,971.01,No
CUST00754,Female,0,50,No,DSL,33.7,1908.15,No
CUST00755,Male,1,56,No,Fiber optic,34.62,2227.28,Yes
CUST00756,Male,0,60,Yes,No,92.99,5516.15,No
CUST00757,Female,1,9,Yes,DSL,89.78,736.04,Yes
CUST00758,Male,0,2,Yes,Fiber optic,67.99,124.2,Yes
CUST00759,Male,0,14,Yes,DSL,71.29,1049.49,No
CUST00760,Male,1,45,Yes,No,79.56,3883.86,No
CUST00761,Female,0,4,No,Fiber optic,100.95,435.55,No
CUST00762,Female,0,3,No,No,61.53,171.51,No
CUST00763,Female,0,9,No,DSL,101.3,969.01,Yes
CUST00764,Female,1,0,No,No,105.13,,Yes
CUST00765,Male,0,58,No,Fiber optic,22.68,1371.59,No
CUST00766,Female,0,11,No,No,61.45,746.72,No
CUST00767,Male,0,11,Yes,Fiber optic,76.56,814.85,No
CUST00768,Female,0,27,No,Fiber optic,61.37,1481.0,No
CUST00769,Female,1,9,No,Fiber optic,98.32,,No
CUST00770,Female,0,51,No,No,72.58,4084.48,No
CUST00771,Male,1,2,Yes,DSL,93.9,195.76,Yes
CUST00772,Male,0,63,Yes,Fiber optic,98.71,6721.6,Yes
CUST00773,Female,0,1,Yes,DSL,71.03,68.61,Yes
CUST00774,Male,0,10,No,DSL,61.54,,No
CUST00775,Female,0,0,Yes,Fiber optic,109.78,,Yes
CUST00776,Female,0,51,Yes,No,64.07,2980.84,No
CUST00777,Male,0,10,Yes,No,108.62,1170.71,No
CUST00778,Male,1,26,Yes,Fiber optic,42.42,1040.81,No
CUST00779,Male,0,11,Yes,No,81.67,970.68,No
CUST00780,Female,0,37,No,DSL,60.24,2154.19,No
CUST00781,Male,0,36,Yes,Fiber optic,44.73,1559.53,No
CUST00782,Male,0,6,No,Fiber optic,104.87,580.57,Yes
CUST00783,Female,0,6,No,Fiber optic,81.06,456.44,Yes
CUST00784,Male,0,60,Yes,No,47.06,3196.37,No
CUST00785,Female,0,21,No,DSL,70.02,1317.46,No
CUST00786,Male,0,53,Yes,No,80.06,3917.19,No
CUST00787,Male,0,40,Yes,DSL,92.9,3786.55,No
CUST00788,Male,0,11,Yes,No,98.93,1021.59,No
CUST00789,Male,1,3,No,Fiber optic,64.09,205.81,No
CUST00790,Female,1,7,Yes,DSL,79.57,563.7,Yes
CUST00791,Female,0,64,Yes,Fiber optic,35.66,2211.98,No
CUST00792,Male,0,3,Yes,Fiber optic,74.65,208.22,Yes
CUST00793,Female,0,10,No,Fiber optic,98.17,1006.51,Yes
CUST00794,Female,0,10,No,No,75.14,706.12,Yes
CUST00795,Male,0,11,No,No,68.07,759.23,No
CUST00796,Male,0,6,No,No,83.94,446.93,No
CUST00797,Female,0,28,No,No,25.08,557.19,No
CUST00798,Female,0,53,Yes,No,40.68,1699.72,No
CUST00799,Female,0,26,Yes,DSL,95.02,2355.22,No
CUST00800,Male,0,46,Yes,No,38.19,1842.13,No
CUST00801,Male,0,2,Yes,Fiber optic,92.6,173.11,No
CUST00802,Female,0,58,No,Fiber optic,96.29,5638.06,No
CUST00803,Male,1,21,No,Fiber optic,96.89,1927.49,No
CUST00804,Male,1,7,No,Fiber optic,61.82,367.46,No
CUST00805,Female,0,11,Yes,DSL,104.94,1248.57,No
CUST00806,Male,0,63,Yes,DSL,20.43,852.94,No
CUST00807,Male,0,28,Yes,No,22.75,830.18,No
CUST00808,Female,1,0,Yes,Fiber optic,63.4,,Yes
CUST00809,Female,0,40,Yes,DSL,30.2,1359.18,No
CUST00810,Male,0,2,No,Fiber optic,86.28,168.29,Yes
CUST00811,Male,0,40,No,Fiber optic,74.48,2712.76,No
CUST00812,Female,0,36,Yes,Fiber optic,87.46,3288.91,No
CUST00813,Female,0,3,No,No,69.81,210.07,No
CUST00814,Male,0,51,Yes,DSL,91.77,4667.47,No
CUST00815,Male,1,58,No,DSL,73.6,4018.63,No
CUST00816,Male,0,45,Yes,Fiber optic,65.27,2548.01,No
CUST00817,Male,1,38,Yes,DSL,63.91,2708.39,No
CUST00818,Female,0,4,No,DSL,76.73,307.33,Yes
CUST00819,Female,0,40,Yes,Fiber optic,87.79,3576.62,No
CUST00820,Male,1,40,No,DSL,39.63,1689.26,No
CUST00821,Female,1,37,Yes,Fiber optic,33.75,901.51,No
CUST00822,Male,0,72,No,No,40.35,3373.83,No
CUST00823,Female,0,16,No,Fiber optic,29.25,382.55,Yes
CUST00824,Male,0,67,Yes,DSL,57.19,3524.96,No
CUST00825,Male,0,47,No,Fiber optic,43.16,1667.82,No
CUST00826,Male,0,7,Yes,Fiber optic,92.15,627.44,No
CUST00827,Female,0,10,No,No,68.4,608.59,No
CUST00828,Male,0,20,Yes,Fiber optic,54.77,963.72,No
CUST00829,Male,1,42,No,Fiber optic,25.68,1190.06,Yes
CUST00830,Female,0,39,Yes,DSL,38.73,1632.35,No
CUST00831,Female,1,0,No,DSL,90.06,,Yes
CUST00832,Male,0,22,Yes,Fiber optic,84.97,1787.76,No
CUST00833,Female,0,54,No,Fiber optic,97.73,5198.95,No
CUST00834,Male,0,71,No,DSL,41.05,3104.7,No
CUST00835,Female,0,11,Yes,Fiber optic,104.15,1049.34,Yes
CUST00836,Male,0,15,No,DSL,49.48,661.36,No
CUST00837,Female,0,18,Yes,DSL,52.61,1033.66,No
CUST00838,Female,0,65,Yes,No,90.53,5798.69,No
CUST00839,Male,0,17,No,No,83.91,1318.19,No
CUST00840,Female,1,11,Yes,Fiber optic,106.73,1136.81,No
CUST00841,Female,1,3,Yes,No,97.25,276.72,Yes
CUST00842,Female,0,63,No,Fiber optic,40.92,,No
CUST00843,Female,0,10,Yes,Fiber optic,83.22,851.86,No
CUST00844,Female,0,6,Yes,No,104.01,594.1,Yes
CUST00845,Male,0,29,No,Fiber optic,44.36,1022.76,Yes
CUST00846,Female,0,10,Yes,Fiber optic,102.27,966.46,No
CUST00847,Female,0,44,No,DSL,76.12,3279.75,No
CUST00848,Female,0,33,Yes,Fiber optic,74.44,2614.69,No
CUST00849,Male,0,60,Yes,DSL,24.79,1408.56,No
CUST00850,Male,0,53,No,Fiber optic,74.01,3405.7,No
CUST00851,Male,1,19,Yes,DSL,27.74,399.07,No
CUST00852,Male,0,29,No,DSL,60.36,1962.02,No
CUST00853,Male,1,71,No,DSL,30.69,1811.53,No
CUST00854,Female,1,43,Yes,Fiber optic,93.45,3671.67,No
CUST00855,Female,0,33,No,Fiber optic,23.49,829.04,No
CUST00856,Female,0,12,No,No,82.47,896.87,No
CUST00857,Male,0,62,No,No,76.37,4722.2,No
CUST00858,Female,0,7,Yes,Fiber optic,84.12,566.55,No
CUST00859,Female,0,7,No,DSL,101.19,756.74,No
CUST00860,Female,0,20,No,DSL,41.23,699.77,No
CUST00861,Female,0,32,Yes,Fiber optic,80.49,2612.24,Yes
CUST00862,Female,0,31,No,DSL,86.77,2544.25,No
CUST00863,Male,0,6,Yes,Fiber optic,94.6,520.8,Yes
CUST00864,Male,0,58,No,Fiber optic,44.18,2463.42,No
CUST00865,Male,0,10,Yes,Fiber optic,101.48,1025.33,Yes
CUST00866,Male,0,11,No,DSL,106.56,1199.09,No
CUST00867,Female,0,22,No,DSL,27.28,754.81,No
CUST00868,Male,1,55,No,DSL,52.82,2934.5,No
CUST00869,Female,0,16,No,No,54.46,930.59,No
CUST00870,Female,0,61,No,DSL,41.36,2412.73,No
CUST00871,Female,1,17,Yes,No,39.14,539.07,No
CUST00872,Male,0,43,Yes,DSL,54.82,1930.26,No
CUST00873,Female,0,5,No,Fiber optic,107.54,493.26,Yes
CUST00874,Male,1,5,No,Fiber optic,78.2,407.18,No
CUST00875,Female,0,3,Yes,DSL,64.87,198.85,No
CUST00876,Female,0,11,Yes,No,91.17,1015.63,No
CUST00877,Male,0,26,No,Fiber optic,60.71,1593.39,No
CUST00878,Female,0,54,No,Fiber optic,74.87,4151.96,No
CUST00879,Female,0,67,Yes,No,93.71,6405.21,No
CUST00880,Male,0,10,Yes,DSL,97.3,1056.52,No
CUST00881,Male,0,35,No,DSL,79.88,2749.76,No
CUST00882,Female,0,56,Yes,No,64.56,,No
CUST00883,Male,0,2,No,No,81.65,161.68,No
CUST00884,Male,1,6,Yes,Fiber optic,108.64,591.85,Yes
CUST00885,Female,0,6,No,DSL,62.03,424.71,No
CUST00886,Male,1,66,Yes,DSL,92.53,6406.01,No
CUST00887,Female,0,49,No,DSL,74.16,3271.12,No
CUST00888,Male,0,45,Yes,DSL,65.66,3083.25,No
CUST00889,Male,0,12,Yes,DSL,82.17,1008.75,No
CUST00890,Female,0,66,No,Fiber optic,61.3,3953.0,Yes
CUST00891,Male,1,12,No,Fiber optic,91.26,1210.72,Yes
CUST00892,Male,0,68,No,DSL,58.32,4026.07,No
CUST00893,Female,0,32,No,Fiber optic,74.31,2502.44,Yes
CUST00894,Male,0,49,Yes,No,80.88,4282.51,No
CUST00895,Male,0,55,No,Fiber optic,82.94,4513.96,Yes
CUST00896,Male,0,23,No,Fiber optic,87.65,2056.76,No
CUST00897,Male,0,21,No,Fiber optic,28.75,762.79,Yes
CUST00898,Female,0,31,Yes,No,32.3,1033.58,No
CUST00899,Male,1,3,No,Fiber optic,61.82,211.79,Yes
CUST00900,Female,0,43,No,No,36.43,1361.4,No
CUST00901,Male,1,5,No,DSL,63.09,276.69,Yes
CUST00902,Female,0,0,No,Fiber optic,104.08,,Yes
CUST00903,Male,0,59,No,Fiber optic,30.24,2253.11,No
CUST00904,Male,0,5,No,No,77.94,341.92,Yes
CUST00905,Male,0,9,Yes,DSL,60.56,490.53,No
CUST00906,Female,0,12,No,DSL,20.24,218.14,No
CUST00907,Male,0,60,No,DSL,23.32,1633.45,No
CUST00908,Female,0,19,No,Fiber optic,58.4,1298.13,No
CUST00909,Female,1,12,No,DSL,34.24,521.51,No
CUST00910,Male,0,68,No,DSL,33.45,2433.51,No
CUST00911,Male,0,11,Yes,DSL,78.82,,No
CUST00912,Female,0,23,Yes,Fiber optic,52.32,1319.83,No
CUST00913,Female,0,4,Yes,Fiber optic,89.72,326.25,Yes
CUST00914,Female,0,16,Yes,No,59.39,919.28,No
CUST00915,Male,0,5,Yes,DSL,94.65,450.84,Yes
CUST00916,Male,0,59,Yes,Fiber optic,38.28,2599.92,No
CUST00917,Male,1,50,No,DSL,61.43,3031.6,No
CUST00918,Female,0,11,Yes,DSL,91.74,1059.8,No
CUST00919,Female,0,47,Yes,DSL,37.94,,No
CUST00920,Female,0,30,Yes,DSL,57.3,1425.51,No
CUST00921,Female,1,4,Yes,No,73.5,324.44,No
CUST00922,Male,0,1,Yes,No,72.2,69.81,No
CUST00923,Female,0,21,Yes,Fiber optic,42.43,886.43,Yes
CUST00924,Female,0,47,No,DSL,31.08,1383.03,No
CUST00925,Male,1,55,No,DSL,23.66,967.82,Yes
CUST00926,Male,0,3,Yes,DSL,65.21,167.13,No
CUST00927,Male,0,11,Yes,No,63.2,715.74,No
CUST00928,Female,0,4,Yes,DSL,109.68,433.22,No
CUST00929,Female,0,12,Yes,DSL,49.29,531.28,No
CUST00930,Female,0,1,Yes,DSL,74.69,,Yes
CUST00931,Male,1,14,Yes,Fiber optic,67.2,1006.83,Yes
CUST00932,Female,0,35,Yes,DSL,59.75,1760.28,No
CUST00933,Female,1,7,Yes,Fiber optic,89.29,598.15,No
CUST00934,Male,0,5,No,Fiber optic,61.41,316.92,No
CUST00935,Female,0,16,Yes,DSL,76.23,1217.38,No
CUST00936,Male,0,1,No,No,77.4,83.52,No
CUST00937,Male,0,27,Yes,No,59.23,1720.75,No
CUST00938,Male,0,8,Yes,Fiber optic,69.49,528.0,No
CUST00939,Male,1,67,No,Fiber optic,25.26,1183.24,Yes
CUST00940,Male,0,59,No,Fiber optic,73.25,,No
CUST00941,Female,0,4,Yes,No,102.67,398.93,Yes
CUST00942,Female,0,60,Yes,DSL,45.41,2646.22,No
CUST00943,Female,1,63,Yes,DSL,46.0,2664.32,Yes
CUST00944,Female,0,11,No,DSL,65.59,654.35,No
CUST00945,Female,0,60,Yes,Fiber optic,79.15,5176.15,No
CUST00946,Female,0,9,Yes,DSL,92.89,781.13,Yes
CUST00947,Male,0,1,Yes,DSL,101.5,95.71,Yes
CUST00948,Male,0,9,No,DSL,85.66,706.64,No
CUST00949,Female,0,41,No,No,30.81,897.79,No
CUST00950,Male,1,41,No,DSL,27.18,1213.94,Yes
CUST00951,Female,0,46,No,Fiber optic,51.87,2689.24,No
CUST00952,Female,0,36,No,Fiber optic,48.03,1585.83,No
CUST00953,Female,1,2,Yes,DSL,103.35,,No
CUST00954,Male,0,10,Yes,DSL,97.35,,Yes
CUST00955,Female,0,34,Yes,DSL,53.29,2132.77,No
CUST00956,Female,0,63,No,Fiber optic,60.51,3260.81,No
CUST00957,Male,0,26,Yes,No,40.27,1002.01,No
CUST00958,Male,0,37,No,Fiber optic,71.35,2647.64,No
CUST00959,Female,0,52,Yes,No,58.18,,No
CUST00960,Male,1,4,No,DSL,83.96,306.27,Yes
CUST00961,Male,0,64,Yes,DSL,37.52,2402.43,No
CUST00962,Male,0,29,No,DSL,21.08,,No
CUST00963,Male,0,8,No,Fiber optic,78.45,631.03,Yes
CUST00964,Female,0,35,No,DSL,21.08,694.36,No
CUST00965,Female,0,51,Yes,No,27.79,1621.75,No
CUST00966,Male,0,31,No,DSL,80.1,2420.44,No
CUST00967,Female,1,24,Yes,Fiber optic,42.57,791.67,Yes
CUST00968,Female,1,13,No,DSL,22.99,340.54,No
CUST00969,Male,0,0,Yes,No,75.98,,Yes
CUST00970,Male,0,55,No,DSL,50.2,3105.85,No
CUST00971,Female,0,57,No,DSL,73.79,4325.0,No
CUST00972,Male,0,9,No,No,94.4,797.21,Yes
CUST00973,Male,0,27,No,Fiber optic,77.01,,No
CUST00974,Male,1,60,No,Fiber optic,82.6,4770.37,No
CUST00975,Female,0,69,Yes,Fiber optic,57.51,4057.93,No
CUST00976,Female,0,6,No,DSL,103.03,572.7,No
CUST00977,Male,0,30,No,DSL,55.53,1464.99,No
CUST00978,Female,0,8,No,Fiber optic,100.32,755.77,No
CUST00979,Female,0,3,No,No,65.33,201.77,No
CUST00980,Female,0,12,No,Fiber optic,82.55,1014.42,No
CUST00981,Male,0,13,No,DSL,81.85,1167.82,No
CUST00982,Male,0,11,Yes,DSL,92.16,1048.95,No
CUST00983,Female,0,41,No,DSL,47.28,1986.15,No
CUST00984,Male,0,9,Yes,No,105.81,951.44,Yes
CUST00985,Male,1,49,No,DSL,83.23,3842.68,No
CUST00986,Female,0,38,No,Fiber optic,43.35,1472.4,No
CUST00987,Male,0,10,No,Fiber optic,83.48,830.77,Yes
CUST00988,Male,0,2,No,DSL,89.55,167.38,No
CUST00989,Male,0,3,Yes,Fiber optic,94.59,308.3,No
CUST00990,Female,1,40,Yes,Fiber optic,87.33,3672.06,No
CUST00991,Male,0,19,No,No,68.14,,No
CUST00992,Female,0,19,Yes,No,93.11,1629.19,No
CUST00993,Male,0,13,No,DSL,88.42,1086.34,No
CUST00994,Male,0,58,No,Fiber optic,94.13,4902.19,No
CUST00995,Female,0,34,No,DSL,76.71,2363.45,No
CUST00996,Male,0,72,Yes,Fiber optic,51.48,2990.02,No
CUST00997,Male,0,53,No,DSL,72.55,,No
CUST00998,Male,0,61,Yes,Fiber optic,21.66,1917.26,No
CUST00999,Male,1,10,Yes,Fiber optic,96.6,929.21,Yes
CUST01000,Male,0,62,No,DSL,96.7,6413.12,No
